{
    "qmsum": {
        "score": 20.21,
        "len_predictions": 109,
        "ppl_mean": 7.860902882497245,
        "ppl_std": 1.1000718526870374,
        "block_sizes_mean": 19.218125226441817,
        "block_sizes_std": 9.091435166998348

    },
    "2wikimqa": {
        "score": 22.02,
        "len_predictions": 124,
        "ppl_mean": 6.19942202298872,
        "ppl_std": 1.1783464098603258,
        "block_sizes_mean": 14.32208772055488,
        "block_sizes_std": 6.665395809168463
    },
    "gov_report": {
        "score": 31.61,
        "len_predictions": 64,
        "ppl_mean": 6.0323889553546906,
        "ppl_std": 1.2883190072607567,
        "block_sizes_mean": 14.416511877993939,
        "block_sizes_std": 6.616810645689644
    },
    "hotpotqa": {
        "score": 40.78,
        "len_predictions": 141,
        "ppl_mean": 6.067356278498967,
        "ppl_std": 1.2778500706697626,
        "block_sizes_mean": 14.572095370253564,
        "block_sizes_std": 6.801428951959883
    },
    "lcc": {
        "score": 56.66,
        "len_predictions": 265,
        "ppl_mean": 2.0837911578844177,
        "ppl_std": 0.5395766637990972,
        "block_sizes_mean": 19.24103951008735,
        "block_sizes_std": 9.226652664397664
    },
    "narrativeqa": {
        "score": 13.76,
        "len_predictions": 61,
        "ppl_mean": 9.176963860871362,
        "ppl_std": 2.5136818181640788,
        "block_sizes_mean": 18.653227066729176,
        "block_sizes_std": 8.79358938560401
    },
	   "trec": {
        "score": 66.96,
        "len_predictions": 112,
        "ppl_mean": 5.5666157730988095,
        "ppl_std": 0.29963619094104615,
        "block_sizes_mean": 15.52730415129458,
        "block_sizes_std": 5.807257845258343
    },
	"samsum": {
        "score": 42.74,
        "len_predictions": 72,
        "ppl_mean": 8.306292712688446,
        "ppl_std": 0.7907564352652737,
        "block_sizes_mean": 14.14113632838753,
        "block_sizes_std": 6.265773964484465
    },
    "repobench-p": {
        "score": 48.97,
        "len_predictions": 150,
        "ppl_mean": 2.0538233876228333,
        "ppl_std": 0.6699392901810663,
        "block_sizes_mean": 19.166507968327153,
        "block_sizes_std": 9.25436076712705
    }
}